Session_Name,City,State,Category
Positive Minds Academy #1,Surat,Gujarat,Corporate Wellness Program
Empower Wellness Program #2,Gurugram,Haryana,Mental Health Workshop
MindCare Center #3,Guwahati,Assam,Psychological Counseling Center
MindPath Counseling #4,Rishikesh,Uttarakhand,Psychological Counseling Center
Empower Wellness Program #5,Varanasi,Uttar Pradesh,Psychological Counseling Center
MindPath Counseling #6,Goa,Goa,Therapy Center
Hope Mental Health Center #7,Thiruvananthapuram,Kerala,Therapy Center
Mindfulness Practice Center #8,Udaipur,Rajasthan,Mindfulness Training
CalmSpace Wellness #9,Shillong,Meghalaya,Community Mental Health Session
MindPath Counseling #10,Delhi,Delhi,Mental Health Workshop
Swasthya Mind Wellness #11,Coimbatore,Tamil Nadu,Mindfulness Training
Empower Wellness Program #12,Mumbai,Maharashtra,Community Mental Health Session
MindPath Counseling #13,Delhi,Delhi,Therapy Center
Healing Minds Clinic #14,Bhubaneswar,Odisha,Psychological Counseling Center
CalmSpace Wellness #15,Delhi,Delhi,Mindfulness Training
Positive Minds Academy #16,Coimbatore,Tamil Nadu,Community Mental Health Session
Positive Minds Academy #17,Delhi,Delhi,Mindfulness Training
Swasthya Mind Wellness #18,Udaipur,Rajasthan,Corporate Wellness Program
Healing Minds Clinic #19,Varanasi,Uttar Pradesh,Therapy Center
MindCare Center #20,Hyderabad,Telangana,Psychological Counseling Center
Mindfulness Practice Center #21,Goa,Goa,Psychological Counseling Center
CalmSpace Wellness #22,Varanasi,Uttar Pradesh,Corporate Wellness Program
Swasthya Mind Wellness #23,Jaipur,Rajasthan,Mental Health Workshop
MindPath Counseling #24,Jaipur,Rajasthan,Corporate Wellness Program
CalmSpace Wellness #25,Shillong,Meghalaya,Corporate Wellness Program
Healing Minds Clinic #26,Delhi,Delhi,Psychological Counseling Center
MindPath Counseling #27,Coimbatore,Tamil Nadu,Mental Health Workshop
Swasthya Mind Wellness #28,Surat,Gujarat,Therapy Center
Serenity Mental Health Studio #29,Mumbai,Maharashtra,Corporate Wellness Program
Positive Minds Academy #30,Bengaluru,Karnataka,Mindfulness Training
Mindfulness Practice Center #31,Bhubaneswar,Odisha,Corporate Wellness Program
MindPath Counseling #32,Guwahati,Assam,Therapy Center
Swasthya Mind Wellness #33,Goa,Goa,Corporate Wellness Program
Healing Minds Clinic #34,Mumbai,Maharashtra,Mindfulness Training
Empower Wellness Program #35,Goa,Goa,Psychological Counseling Center
MindCare Center #36,Mumbai,Maharashtra,Community Mental Health Session
Swasthya Mind Wellness #37,Jaipur,Rajasthan,Psychological Counseling Center
MindPath Counseling #38,Chennai,Tamil Nadu,Therapy Center
Empower Wellness Program #39,Jaipur,Rajasthan,Therapy Center
Mindfulness Practice Center #40,Mysuru,Karnataka,Community Mental Health Session
Empower Wellness Program #41,Dehradun,Uttarakhand,Mental Health Workshop
MindPath Counseling #42,Ahmedabad,Gujarat,Psychological Counseling Center
Hope Mental Health Center #43,Coimbatore,Tamil Nadu,Corporate Wellness Program
CalmSpace Wellness #44,Thiruvananthapuram,Kerala,Mindfulness Training
MindPath Counseling #45,Indore,Madhya Pradesh,Therapy Center
Healing Minds Clinic #46,Patna,Bihar,Mental Health Workshop
Healing Minds Clinic #47,Pune,Maharashtra,Mental Health Workshop
Hope Mental Health Center #48,Mumbai,Maharashtra,Community Mental Health Session
InnerBalance Therapy Hub #49,Rishikesh,Uttarakhand,Mental Health Workshop
MindPath Counseling #50,Pune,Maharashtra,Mindfulness Training
Swasthya Mind Wellness #51,Noida,Uttar Pradesh,Community Mental Health Session
InnerBalance Therapy Hub #52,Mysuru,Karnataka,Mindfulness Training
Swasthya Mind Wellness #53,Dharamshala,Himachal Pradesh,Therapy Center
InnerBalance Therapy Hub #54,Coimbatore,Tamil Nadu,Mindfulness Training
MindPath Counseling #55,Noida,Uttar Pradesh,Corporate Wellness Program
Mindfulness Practice Center #56,Patna,Bihar,Community Mental Health Session
MindPath Counseling #57,Thiruvananthapuram,Kerala,Mindfulness Training
MindPath Counseling #58,Bhopal,Madhya Pradesh,Community Mental Health Session
InnerBalance Therapy Hub #59,Bengaluru,Karnataka,Mental Health Workshop
Mindfulness Practice Center #60,Goa,Goa,Mindfulness Training
Serenity Mental Health Studio #61,Kolkata,West Bengal,Corporate Wellness Program
Serenity Mental Health Studio #62,Udaipur,Rajasthan,Therapy Center
CalmSpace Wellness #63,Gurugram,Haryana,Community Mental Health Session
Hope Mental Health Center #64,Bhubaneswar,Odisha,Therapy Center
CalmSpace Wellness #65,Goa,Goa,Mental Health Workshop
Hope Mental Health Center #66,Chandigarh,Chandigarh,Mindfulness Training
Mindfulness Practice Center #67,Rishikesh,Uttarakhand,Therapy Center
Serenity Mental Health Studio #68,Mysuru,Karnataka,Corporate Wellness Program
Positive Minds Academy #69,Kolkata,West Bengal,Community Mental Health Session
Healing Minds Clinic #70,Noida,Uttar Pradesh,Psychological Counseling Center
InnerBalance Therapy Hub #71,Mumbai,Maharashtra,Mindfulness Training
InnerBalance Therapy Hub #72,Surat,Gujarat,Corporate Wellness Program
Empower Wellness Program #73,Gurugram,Haryana,Therapy Center
Hope Mental Health Center #74,Delhi,Delhi,Therapy Center
Healing Minds Clinic #75,Udaipur,Rajasthan,Mindfulness Training
Swasthya Mind Wellness #76,Mysuru,Karnataka,Community Mental Health Session
Swasthya Mind Wellness #77,Kochi,Kerala,Psychological Counseling Center
CalmSpace Wellness #78,Mysuru,Karnataka,Community Mental Health Session
MindPath Counseling #79,Indore,Madhya Pradesh,Therapy Center
InnerBalance Therapy Hub #80,Shillong,Meghalaya,Psychological Counseling Center
Positive Minds Academy #81,Pune,Maharashtra,Mental Health Workshop
CalmSpace Wellness #82,Surat,Gujarat,Psychological Counseling Center
Hope Mental Health Center #83,Bhopal,Madhya Pradesh,Therapy Center
Healing Minds Clinic #84,Delhi,Delhi,Therapy Center
MindPath Counseling #85,Bhubaneswar,Odisha,Therapy Center
Serenity Mental Health Studio #86,Thiruvananthapuram,Kerala,Community Mental Health Session
Positive Minds Academy #87,Mysuru,Karnataka,Therapy Center
MindPath Counseling #88,Bengaluru,Karnataka,Mental Health Workshop
Positive Minds Academy #89,Mumbai,Maharashtra,Mental Health Workshop
Hope Mental Health Center #90,Delhi,Delhi,Community Mental Health Session
Swasthya Mind Wellness #91,Varanasi,Uttar Pradesh,Therapy Center
InnerBalance Therapy Hub #92,Lucknow,Uttar Pradesh,Therapy Center
Healing Minds Clinic #93,Chennai,Tamil Nadu,Community Mental Health Session
Positive Minds Academy #94,Indore,Madhya Pradesh,Mental Health Workshop
MindPath Counseling #95,Shillong,Meghalaya,Psychological Counseling Center
InnerBalance Therapy Hub #96,Rishikesh,Uttarakhand,Community Mental Health Session
Hope Mental Health Center #97,Ahmedabad,Gujarat,Mindfulness Training
Empower Wellness Program #98,Hyderabad,Telangana,Psychological Counseling Center
MindCare Center #99,Jaipur,Rajasthan,Therapy Center
InnerBalance Therapy Hub #100,Ahmedabad,Gujarat,Mindfulness Training
Serenity Mental Health Studio #101,Ahmedabad,Gujarat,Mindfulness Training
Positive Minds Academy #102,Kochi,Kerala,Mental Health Workshop
Empower Wellness Program #103,Delhi,Delhi,Mental Health Workshop
MindPath Counseling #104,Varanasi,Uttar Pradesh,Psychological Counseling Center
Swasthya Mind Wellness #105,Guwahati,Assam,Mindfulness Training
Serenity Mental Health Studio #106,Bhubaneswar,Odisha,Psychological Counseling Center
CalmSpace Wellness #107,Ahmedabad,Gujarat,Community Mental Health Session
Hope Mental Health Center #108,Goa,Goa,Psychological Counseling Center
Swasthya Mind Wellness #109,Lucknow,Uttar Pradesh,Community Mental Health Session
MindCare Center #110,Mumbai,Maharashtra,Psychological Counseling Center
Serenity Mental Health Studio #111,Chennai,Tamil Nadu,Mental Health Workshop
Positive Minds Academy #112,Udaipur,Rajasthan,Therapy Center
Mindfulness Practice Center #113,Patna,Bihar,Mindfulness Training
MindCare Center #114,Guwahati,Assam,Mental Health Workshop
Empower Wellness Program #115,Surat,Gujarat,Psychological Counseling Center
MindCare Center #116,Bengaluru,Karnataka,Community Mental Health Session
CalmSpace Wellness #117,Patna,Bihar,Corporate Wellness Program
CalmSpace Wellness #118,Surat,Gujarat,Corporate Wellness Program
MindCare Center #119,Dharamshala,Himachal Pradesh,Psychological Counseling Center
MindCare Center #120,Noida,Uttar Pradesh,Mindfulness Training
Healing Minds Clinic #121,Bhopal,Madhya Pradesh,Corporate Wellness Program
Healing Minds Clinic #122,Kochi,Kerala,Psychological Counseling Center
Healing Minds Clinic #123,Hyderabad,Telangana,Mental Health Workshop
Swasthya Mind Wellness #124,Coimbatore,Tamil Nadu,Mindfulness Training
Hope Mental Health Center #125,Jaipur,Rajasthan,Corporate Wellness Program
Swasthya Mind Wellness #126,Hyderabad,Telangana,Community Mental Health Session
Mindfulness Practice Center #127,Coimbatore,Tamil Nadu,Mental Health Workshop
MindCare Center #128,Kolkata,West Bengal,Mental Health Workshop
MindCare Center #129,Bhubaneswar,Odisha,Mindfulness Training
Mindfulness Practice Center #130,Kochi,Kerala,Corporate Wellness Program
MindPath Counseling #131,Noida,Uttar Pradesh,Community Mental Health Session
Positive Minds Academy #132,Thiruvananthapuram,Kerala,Mindfulness Training
Positive Minds Academy #133,Bhubaneswar,Odisha,Corporate Wellness Program
Healing Minds Clinic #134,Surat,Gujarat,Psychological Counseling Center
Healing Minds Clinic #135,Udaipur,Rajasthan,Mental Health Workshop
Empower Wellness Program #136,Patna,Bihar,Community Mental Health Session
Serenity Mental Health Studio #137,Guwahati,Assam,Community Mental Health Session
Mindfulness Practice Center #138,Gurugram,Haryana,Psychological Counseling Center
CalmSpace Wellness #139,Lucknow,Uttar Pradesh,Mental Health Workshop
MindPath Counseling #140,Shillong,Meghalaya,Mindfulness Training
Swasthya Mind Wellness #141,Ahmedabad,Gujarat,Psychological Counseling Center
InnerBalance Therapy Hub #142,Dehradun,Uttarakhand,Corporate Wellness Program
Mindfulness Practice Center #143,Bhopal,Madhya Pradesh,Corporate Wellness Program
Mindfulness Practice Center #144,Lucknow,Uttar Pradesh,Corporate Wellness Program
Serenity Mental Health Studio #145,Surat,Gujarat,Corporate Wellness Program
Hope Mental Health Center #146,Noida,Uttar Pradesh,Psychological Counseling Center
Mindfulness Practice Center #147,Dehradun,Uttarakhand,Mindfulness Training
Mindfulness Practice Center #148,Dharamshala,Himachal Pradesh,Psychological Counseling Center
Swasthya Mind Wellness #149,Mysuru,Karnataka,Community Mental Health Session
Swasthya Mind Wellness #150,Mumbai,Maharashtra,Mental Health Workshop
MindPath Counseling #151,Mysuru,Karnataka,Community Mental Health Session
Hope Mental Health Center #152,Chennai,Tamil Nadu,Mental Health Workshop
Healing Minds Clinic #153,Dehradun,Uttarakhand,Community Mental Health Session
Healing Minds Clinic #154,Gurugram,Haryana,Community Mental Health Session
MindCare Center #155,Dharamshala,Himachal Pradesh,Corporate Wellness Program
Positive Minds Academy #156,Udaipur,Rajasthan,Corporate Wellness Program
Empower Wellness Program #157,Mysuru,Karnataka,Mental Health Workshop
Empower Wellness Program #158,Shillong,Meghalaya,Corporate Wellness Program
Hope Mental Health Center #159,Bengaluru,Karnataka,Community Mental Health Session
Hope Mental Health Center #160,Kochi,Kerala,Corporate Wellness Program
Mindfulness Practice Center #161,Pune,Maharashtra,Psychological Counseling Center
MindCare Center #162,Mumbai,Maharashtra,Mindfulness Training
Empower Wellness Program #163,Mysuru,Karnataka,Corporate Wellness Program
Hope Mental Health Center #164,Gurugram,Haryana,Psychological Counseling Center
InnerBalance Therapy Hub #165,Mysuru,Karnataka,Mental Health Workshop
InnerBalance Therapy Hub #166,Coimbatore,Tamil Nadu,Mental Health Workshop
Mindfulness Practice Center #167,Thiruvananthapuram,Kerala,Mindfulness Training
Positive Minds Academy #168,Shillong,Meghalaya,Mindfulness Training
Healing Minds Clinic #169,Udaipur,Rajasthan,Community Mental Health Session
Hope Mental Health Center #170,Delhi,Delhi,Community Mental Health Session
Hope Mental Health Center #171,Surat,Gujarat,Therapy Center
Mindfulness Practice Center #172,Chennai,Tamil Nadu,Corporate Wellness Program
CalmSpace Wellness #173,Kochi,Kerala,Mindfulness Training
Mindfulness Practice Center #174,Indore,Madhya Pradesh,Mindfulness Training
Healing Minds Clinic #175,Delhi,Delhi,Therapy Center
MindCare Center #176,Surat,Gujarat,Mental Health Workshop
MindPath Counseling #177,Shillong,Meghalaya,Corporate Wellness Program
Positive Minds Academy #178,Udaipur,Rajasthan,Corporate Wellness Program
Empower Wellness Program #179,Delhi,Delhi,Corporate Wellness Program
Positive Minds Academy #180,Lucknow,Uttar Pradesh,Psychological Counseling Center
Serenity Mental Health Studio #181,Coimbatore,Tamil Nadu,Mindfulness Training
Hope Mental Health Center #182,Ahmedabad,Gujarat,Mindfulness Training
MindCare Center #183,Patna,Bihar,Therapy Center
Empower Wellness Program #184,Bhopal,Madhya Pradesh,Mindfulness Training
Empower Wellness Program #185,Lucknow,Uttar Pradesh,Corporate Wellness Program
Mindfulness Practice Center #186,Dehradun,Uttarakhand,Community Mental Health Session
MindPath Counseling #187,Mysuru,Karnataka,Therapy Center
Hope Mental Health Center #188,Chandigarh,Chandigarh,Mental Health Workshop
Positive Minds Academy #189,Gurugram,Haryana,Community Mental Health Session
Serenity Mental Health Studio #190,Pune,Maharashtra,Mindfulness Training
InnerBalance Therapy Hub #191,Hyderabad,Telangana,Mindfulness Training
MindCare Center #192,Rishikesh,Uttarakhand,Corporate Wellness Program
MindPath Counseling #193,Udaipur,Rajasthan,Corporate Wellness Program
InnerBalance Therapy Hub #194,Lucknow,Uttar Pradesh,Psychological Counseling Center
Empower Wellness Program #195,Varanasi,Uttar Pradesh,Psychological Counseling Center
Swasthya Mind Wellness #196,Delhi,Delhi,Community Mental Health Session
Swasthya Mind Wellness #197,Thiruvananthapuram,Kerala,Therapy Center
Healing Minds Clinic #198,Lucknow,Uttar Pradesh,Community Mental Health Session
Empower Wellness Program #199,Kochi,Kerala,Psychological Counseling Center
Positive Minds Academy #200,Udaipur,Rajasthan,Community Mental Health Session
Mindfulness Practice Center #201,Lucknow,Uttar Pradesh,Mindfulness Training
InnerBalance Therapy Hub #202,Udaipur,Rajasthan,Mental Health Workshop
Serenity Mental Health Studio #203,Hyderabad,Telangana,Psychological Counseling Center
Positive Minds Academy #204,Guwahati,Assam,Community Mental Health Session
Mindfulness Practice Center #205,Kolkata,West Bengal,Psychological Counseling Center
Mindfulness Practice Center #206,Lucknow,Uttar Pradesh,Mental Health Workshop
Hope Mental Health Center #207,Chandigarh,Chandigarh,Psychological Counseling Center
Positive Minds Academy #208,Goa,Goa,Psychological Counseling Center
Mindfulness Practice Center #209,Goa,Goa,Psychological Counseling Center
InnerBalance Therapy Hub #210,Mumbai,Maharashtra,Therapy Center
MindCare Center #211,Patna,Bihar,Mental Health Workshop
Hope Mental Health Center #212,Coimbatore,Tamil Nadu,Community Mental Health Session
Swasthya Mind Wellness #213,Bengaluru,Karnataka,Mental Health Workshop
InnerBalance Therapy Hub #214,Dharamshala,Himachal Pradesh,Community Mental Health Session
InnerBalance Therapy Hub #215,Dehradun,Uttarakhand,Therapy Center
Empower Wellness Program #216,Gurugram,Haryana,Therapy Center
MindCare Center #217,Surat,Gujarat,Mindfulness Training
Serenity Mental Health Studio #218,Chandigarh,Chandigarh,Therapy Center
Mindfulness Practice Center #219,Goa,Goa,Community Mental Health Session
Empower Wellness Program #220,Mumbai,Maharashtra,Community Mental Health Session
Swasthya Mind Wellness #221,Chennai,Tamil Nadu,Community Mental Health Session
InnerBalance Therapy Hub #222,Udaipur,Rajasthan,Psychological Counseling Center
Positive Minds Academy #223,Varanasi,Uttar Pradesh,Community Mental Health Session
Serenity Mental Health Studio #224,Pune,Maharashtra,Therapy Center
Positive Minds Academy #225,Indore,Madhya Pradesh,Psychological Counseling Center
Healing Minds Clinic #226,Bhubaneswar,Odisha,Therapy Center
Hope Mental Health Center #227,Chandigarh,Chandigarh,Mental Health Workshop
Swasthya Mind Wellness #228,Surat,Gujarat,Corporate Wellness Program
MindPath Counseling #229,Shillong,Meghalaya,Psychological Counseling Center
InnerBalance Therapy Hub #230,Bengaluru,Karnataka,Mindfulness Training
Empower Wellness Program #231,Dehradun,Uttarakhand,Corporate Wellness Program
Positive Minds Academy #232,Coimbatore,Tamil Nadu,Mental Health Workshop
CalmSpace Wellness #233,Thiruvananthapuram,Kerala,Therapy Center
MindCare Center #234,Dehradun,Uttarakhand,Mental Health Workshop
Healing Minds Clinic #235,Indore,Madhya Pradesh,Mental Health Workshop
MindCare Center #236,Shillong,Meghalaya,Psychological Counseling Center
Positive Minds Academy #237,Dehradun,Uttarakhand,Community Mental Health Session
Hope Mental Health Center #238,Kolkata,West Bengal,Mental Health Workshop
Healing Minds Clinic #239,Udaipur,Rajasthan,Corporate Wellness Program
Swasthya Mind Wellness #240,Dehradun,Uttarakhand,Therapy Center
Healing Minds Clinic #241,Bhopal,Madhya Pradesh,Therapy Center
CalmSpace Wellness #242,Noida,Uttar Pradesh,Mental Health Workshop
Mindfulness Practice Center #243,Bengaluru,Karnataka,Therapy Center
CalmSpace Wellness #244,Pune,Maharashtra,Psychological Counseling Center
Serenity Mental Health Studio #245,Kochi,Kerala,Corporate Wellness Program
MindPath Counseling #246,Kolkata,West Bengal,Mindfulness Training
InnerBalance Therapy Hub #247,Patna,Bihar,Community Mental Health Session
MindCare Center #248,Guwahati,Assam,Corporate Wellness Program
Healing Minds Clinic #249,Chennai,Tamil Nadu,Community Mental Health Session
MindPath Counseling #250,Coimbatore,Tamil Nadu,Community Mental Health Session
Empower Wellness Program #251,Patna,Bihar,Corporate Wellness Program
Mindfulness Practice Center #252,Ahmedabad,Gujarat,Community Mental Health Session
Mindfulness Practice Center #253,Udaipur,Rajasthan,Mindfulness Training
MindCare Center #254,Hyderabad,Telangana,Therapy Center
Empower Wellness Program #255,Rishikesh,Uttarakhand,Community Mental Health Session
Empower Wellness Program #256,Dehradun,Uttarakhand,Mental Health Workshop
InnerBalance Therapy Hub #257,Shillong,Meghalaya,Corporate Wellness Program
InnerBalance Therapy Hub #258,Shillong,Meghalaya,Therapy Center
InnerBalance Therapy Hub #259,Thiruvananthapuram,Kerala,Therapy Center
Serenity Mental Health Studio #260,Chennai,Tamil Nadu,Corporate Wellness Program
Mindfulness Practice Center #261,Varanasi,Uttar Pradesh,Psychological Counseling Center
Positive Minds Academy #262,Chennai,Tamil Nadu,Therapy Center
Healing Minds Clinic #263,Hyderabad,Telangana,Mindfulness Training
MindPath Counseling #264,Chandigarh,Chandigarh,Psychological Counseling Center
Swasthya Mind Wellness #265,Noida,Uttar Pradesh,Mindfulness Training
Healing Minds Clinic #266,Kochi,Kerala,Mindfulness Training
Empower Wellness Program #267,Coimbatore,Tamil Nadu,Community Mental Health Session
InnerBalance Therapy Hub #268,Jaipur,Rajasthan,Corporate Wellness Program
InnerBalance Therapy Hub #269,Udaipur,Rajasthan,Community Mental Health Session
Empower Wellness Program #270,Jaipur,Rajasthan,Corporate Wellness Program
Mindfulness Practice Center #271,Rishikesh,Uttarakhand,Corporate Wellness Program
Mindfulness Practice Center #272,Surat,Gujarat,Corporate Wellness Program
InnerBalance Therapy Hub #273,Hyderabad,Telangana,Community Mental Health Session
Positive Minds Academy #274,Noida,Uttar Pradesh,Psychological Counseling Center
Hope Mental Health Center #275,Surat,Gujarat,Mindfulness Training
InnerBalance Therapy Hub #276,Varanasi,Uttar Pradesh,Community Mental Health Session
Positive Minds Academy #277,Ahmedabad,Gujarat,Mental Health Workshop
Hope Mental Health Center #278,Indore,Madhya Pradesh,Mindfulness Training
MindPath Counseling #279,Rishikesh,Uttarakhand,Therapy Center
MindPath Counseling #280,Mumbai,Maharashtra,Psychological Counseling Center
Healing Minds Clinic #281,Noida,Uttar Pradesh,Psychological Counseling Center
CalmSpace Wellness #282,Indore,Madhya Pradesh,Mental Health Workshop
MindPath Counseling #283,Coimbatore,Tamil Nadu,Mental Health Workshop
MindPath Counseling #284,Shillong,Meghalaya,Psychological Counseling Center
Serenity Mental Health Studio #285,Jaipur,Rajasthan,Psychological Counseling Center
Swasthya Mind Wellness #286,Varanasi,Uttar Pradesh,Therapy Center
InnerBalance Therapy Hub #287,Surat,Gujarat,Corporate Wellness Program
Swasthya Mind Wellness #288,Mumbai,Maharashtra,Mental Health Workshop
MindCare Center #289,Dharamshala,Himachal Pradesh,Mindfulness Training
Empower Wellness Program #290,Patna,Bihar,Psychological Counseling Center
Hope Mental Health Center #291,Dehradun,Uttarakhand,Mental Health Workshop
Hope Mental Health Center #292,Coimbatore,Tamil Nadu,Community Mental Health Session
InnerBalance Therapy Hub #293,Bhopal,Madhya Pradesh,Corporate Wellness Program
Mindfulness Practice Center #294,Dehradun,Uttarakhand,Mindfulness Training
MindPath Counseling #295,Jaipur,Rajasthan,Mental Health Workshop
Healing Minds Clinic #296,Shillong,Meghalaya,Therapy Center
Healing Minds Clinic #297,Chandigarh,Chandigarh,Therapy Center
Empower Wellness Program #298,Gurugram,Haryana,Psychological Counseling Center
MindCare Center #299,Guwahati,Assam,Therapy Center
CalmSpace Wellness #300,Dehradun,Uttarakhand,Mental Health Workshop
Swasthya Mind Wellness #301,Hyderabad,Telangana,Mindfulness Training
MindPath Counseling #302,Patna,Bihar,Corporate Wellness Program
Positive Minds Academy #303,Indore,Madhya Pradesh,Therapy Center
Swasthya Mind Wellness #304,Lucknow,Uttar Pradesh,Psychological Counseling Center
Positive Minds Academy #305,Delhi,Delhi,Psychological Counseling Center
Serenity Mental Health Studio #306,Kochi,Kerala,Mental Health Workshop
Swasthya Mind Wellness #307,Varanasi,Uttar Pradesh,Corporate Wellness Program
Healing Minds Clinic #308,Gurugram,Haryana,Therapy Center
Serenity Mental Health Studio #309,Ahmedabad,Gujarat,Community Mental Health Session
MindCare Center #310,Dharamshala,Himachal Pradesh,Community Mental Health Session
Swasthya Mind Wellness #311,Surat,Gujarat,Mindfulness Training
Empower Wellness Program #312,Dehradun,Uttarakhand,Mental Health Workshop
MindCare Center #313,Chennai,Tamil Nadu,Psychological Counseling Center
Healing Minds Clinic #314,Gurugram,Haryana,Mental Health Workshop
Positive Minds Academy #315,Patna,Bihar,Mental Health Workshop
InnerBalance Therapy Hub #316,Varanasi,Uttar Pradesh,Psychological Counseling Center
MindPath Counseling #317,Varanasi,Uttar Pradesh,Mindfulness Training
CalmSpace Wellness #318,Chennai,Tamil Nadu,Mental Health Workshop
Serenity Mental Health Studio #319,Indore,Madhya Pradesh,Corporate Wellness Program
MindCare Center #320,Ahmedabad,Gujarat,Community Mental Health Session
InnerBalance Therapy Hub #321,Bhubaneswar,Odisha,Mindfulness Training
MindCare Center #322,Kochi,Kerala,Therapy Center
MindCare Center #323,Coimbatore,Tamil Nadu,Psychological Counseling Center
MindPath Counseling #324,Ahmedabad,Gujarat,Mindfulness Training
MindCare Center #325,Mysuru,Karnataka,Psychological Counseling Center
CalmSpace Wellness #326,Chandigarh,Chandigarh,Psychological Counseling Center
Mindfulness Practice Center #327,Patna,Bihar,Therapy Center
MindPath Counseling #328,Delhi,Delhi,Corporate Wellness Program
Positive Minds Academy #329,Indore,Madhya Pradesh,Corporate Wellness Program
Hope Mental Health Center #330,Shillong,Meghalaya,Mental Health Workshop
Empower Wellness Program #331,Chandigarh,Chandigarh,Corporate Wellness Program
InnerBalance Therapy Hub #332,Bhubaneswar,Odisha,Mental Health Workshop
CalmSpace Wellness #333,Chandigarh,Chandigarh,Community Mental Health Session
Hope Mental Health Center #334,Lucknow,Uttar Pradesh,Corporate Wellness Program
Swasthya Mind Wellness #335,Kochi,Kerala,Corporate Wellness Program
InnerBalance Therapy Hub #336,Kolkata,West Bengal,Corporate Wellness Program
MindCare Center #337,Thiruvananthapuram,Kerala,Corporate Wellness Program
Mindfulness Practice Center #338,Mysuru,Karnataka,Mental Health Workshop
Positive Minds Academy #339,Pune,Maharashtra,Psychological Counseling Center
Healing Minds Clinic #340,Lucknow,Uttar Pradesh,Corporate Wellness Program
InnerBalance Therapy Hub #341,Ahmedabad,Gujarat,Community Mental Health Session
InnerBalance Therapy Hub #342,Bengaluru,Karnataka,Psychological Counseling Center
CalmSpace Wellness #343,Bengaluru,Karnataka,Mindfulness Training
MindCare Center #344,Ahmedabad,Gujarat,Mental Health Workshop
Empower Wellness Program #345,Pune,Maharashtra,Mindfulness Training
Healing Minds Clinic #346,Goa,Goa,Mindfulness Training
MindPath Counseling #347,Shillong,Meghalaya,Mindfulness Training
MindCare Center #348,Chennai,Tamil Nadu,Community Mental Health Session
MindPath Counseling #349,Surat,Gujarat,Therapy Center
Serenity Mental Health Studio #350,Gurugram,Haryana,Mindfulness Training
CalmSpace Wellness #351,Mysuru,Karnataka,Mental Health Workshop
CalmSpace Wellness #352,Thiruvananthapuram,Kerala,Community Mental Health Session
Hope Mental Health Center #353,Gurugram,Haryana,Mental Health Workshop
CalmSpace Wellness #354,Delhi,Delhi,Corporate Wellness Program
MindCare Center #355,Mumbai,Maharashtra,Psychological Counseling Center
MindPath Counseling #356,Surat,Gujarat,Therapy Center
Empower Wellness Program #357,Kochi,Kerala,Community Mental Health Session
MindCare Center #358,Rishikesh,Uttarakhand,Corporate Wellness Program
MindPath Counseling #359,Jaipur,Rajasthan,Community Mental Health Session
Healing Minds Clinic #360,Bengaluru,Karnataka,Corporate Wellness Program
Swasthya Mind Wellness #361,Dehradun,Uttarakhand,Mindfulness Training
Empower Wellness Program #362,Chandigarh,Chandigarh,Mental Health Workshop
MindPath Counseling #363,Pune,Maharashtra,Corporate Wellness Program
Positive Minds Academy #364,Mumbai,Maharashtra,Psychological Counseling Center
Positive Minds Academy #365,Goa,Goa,Corporate Wellness Program
Swasthya Mind Wellness #366,Mysuru,Karnataka,Psychological Counseling Center
Swasthya Mind Wellness #367,Udaipur,Rajasthan,Psychological Counseling Center
Positive Minds Academy #368,Indore,Madhya Pradesh,Mental Health Workshop
InnerBalance Therapy Hub #369,Varanasi,Uttar Pradesh,Corporate Wellness Program
Hope Mental Health Center #370,Jaipur,Rajasthan,Therapy Center
CalmSpace Wellness #371,Noida,Uttar Pradesh,Community Mental Health Session
Mindfulness Practice Center #372,Indore,Madhya Pradesh,Community Mental Health Session
CalmSpace Wellness #373,Varanasi,Uttar Pradesh,Community Mental Health Session
Healing Minds Clinic #374,Pune,Maharashtra,Mindfulness Training
InnerBalance Therapy Hub #375,Patna,Bihar,Mental Health Workshop
MindPath Counseling #376,Udaipur,Rajasthan,Therapy Center
MindPath Counseling #377,Indore,Madhya Pradesh,Mindfulness Training
Healing Minds Clinic #378,Chennai,Tamil Nadu,Psychological Counseling Center
Hope Mental Health Center #379,Bhubaneswar,Odisha,Community Mental Health Session
Serenity Mental Health Studio #380,Pune,Maharashtra,Therapy Center
MindCare Center #381,Mumbai,Maharashtra,Mindfulness Training
Mindfulness Practice Center #382,Dehradun,Uttarakhand,Psychological Counseling Center
Mindfulness Practice Center #383,Jaipur,Rajasthan,Community Mental Health Session
MindPath Counseling #384,Goa,Goa,Corporate Wellness Program
Positive Minds Academy #385,Chennai,Tamil Nadu,Therapy Center
Empower Wellness Program #386,Jaipur,Rajasthan,Community Mental Health Session
Healing Minds Clinic #387,Dharamshala,Himachal Pradesh,Mental Health Workshop
InnerBalance Therapy Hub #388,Thiruvananthapuram,Kerala,Corporate Wellness Program
Hope Mental Health Center #389,Dehradun,Uttarakhand,Therapy Center
InnerBalance Therapy Hub #390,Pune,Maharashtra,Therapy Center
Hope Mental Health Center #391,Chennai,Tamil Nadu,Psychological Counseling Center
Mindfulness Practice Center #392,Kochi,Kerala,Community Mental Health Session
MindPath Counseling #393,Kochi,Kerala,Therapy Center
Serenity Mental Health Studio #394,Delhi,Delhi,Corporate Wellness Program
Serenity Mental Health Studio #395,Guwahati,Assam,Mental Health Workshop
Hope Mental Health Center #396,Noida,Uttar Pradesh,Corporate Wellness Program
MindPath Counseling #397,Mysuru,Karnataka,Mental Health Workshop
CalmSpace Wellness #398,Bengaluru,Karnataka,Mindfulness Training
Serenity Mental Health Studio #399,Ahmedabad,Gujarat,Mental Health Workshop
Healing Minds Clinic #400,Guwahati,Assam,Mindfulness Training
Swasthya Mind Wellness #401,Chennai,Tamil Nadu,Therapy Center
Healing Minds Clinic #402,Kochi,Kerala,Corporate Wellness Program
MindCare Center #403,Dehradun,Uttarakhand,Mindfulness Training
Positive Minds Academy #404,Surat,Gujarat,Community Mental Health Session
Hope Mental Health Center #405,Jaipur,Rajasthan,Therapy Center
Serenity Mental Health Studio #406,Guwahati,Assam,Community Mental Health Session
Empower Wellness Program #407,Udaipur,Rajasthan,Community Mental Health Session
Swasthya Mind Wellness #408,Chennai,Tamil Nadu,Psychological Counseling Center
Serenity Mental Health Studio #409,Noida,Uttar Pradesh,Psychological Counseling Center
Hope Mental Health Center #410,Shillong,Meghalaya,Mental Health Workshop
Hope Mental Health Center #411,Shillong,Meghalaya,Mental Health Workshop
MindPath Counseling #412,Bhopal,Madhya Pradesh,Community Mental Health Session
Swasthya Mind Wellness #413,Guwahati,Assam,Therapy Center
MindCare Center #414,Mumbai,Maharashtra,Psychological Counseling Center
Empower Wellness Program #415,Patna,Bihar,Mental Health Workshop
Swasthya Mind Wellness #416,Kolkata,West Bengal,Corporate Wellness Program
InnerBalance Therapy Hub #417,Coimbatore,Tamil Nadu,Corporate Wellness Program
Positive Minds Academy #418,Dharamshala,Himachal Pradesh,Mental Health Workshop
Swasthya Mind Wellness #419,Dehradun,Uttarakhand,Mindfulness Training
CalmSpace Wellness #420,Bhubaneswar,Odisha,Corporate Wellness Program
Hope Mental Health Center #421,Guwahati,Assam,Therapy Center
Serenity Mental Health Studio #422,Chennai,Tamil Nadu,Mental Health Workshop
Healing Minds Clinic #423,Indore,Madhya Pradesh,Psychological Counseling Center
Swasthya Mind Wellness #424,Patna,Bihar,Mindfulness Training
Hope Mental Health Center #425,Shillong,Meghalaya,Corporate Wellness Program
MindPath Counseling #426,Mumbai,Maharashtra,Community Mental Health Session
Positive Minds Academy #427,Goa,Goa,Corporate Wellness Program
Empower Wellness Program #428,Delhi,Delhi,Psychological Counseling Center
InnerBalance Therapy Hub #429,Coimbatore,Tamil Nadu,Mental Health Workshop
MindPath Counseling #430,Coimbatore,Tamil Nadu,Therapy Center
CalmSpace Wellness #431,Surat,Gujarat,Mental Health Workshop
Mindfulness Practice Center #432,Ahmedabad,Gujarat,Mindfulness Training
CalmSpace Wellness #433,Noida,Uttar Pradesh,Corporate Wellness Program
Positive Minds Academy #434,Gurugram,Haryana,Therapy Center
Empower Wellness Program #435,Shillong,Meghalaya,Community Mental Health Session
Mindfulness Practice Center #436,Dharamshala,Himachal Pradesh,Community Mental Health Session
MindCare Center #437,Mumbai,Maharashtra,Corporate Wellness Program
InnerBalance Therapy Hub #438,Bhubaneswar,Odisha,Therapy Center
MindPath Counseling #439,Udaipur,Rajasthan,Mental Health Workshop
CalmSpace Wellness #440,Udaipur,Rajasthan,Corporate Wellness Program
Positive Minds Academy #441,Bhubaneswar,Odisha,Therapy Center
MindCare Center #442,Chandigarh,Chandigarh,Mental Health Workshop
MindPath Counseling #443,Chennai,Tamil Nadu,Psychological Counseling Center
Mindfulness Practice Center #444,Pune,Maharashtra,Mindfulness Training
MindCare Center #445,Shillong,Meghalaya,Corporate Wellness Program
Swasthya Mind Wellness #446,Lucknow,Uttar Pradesh,Corporate Wellness Program
Healing Minds Clinic #447,Jaipur,Rajasthan,Psychological Counseling Center
CalmSpace Wellness #448,Dehradun,Uttarakhand,Therapy Center
Hope Mental Health Center #449,Chennai,Tamil Nadu,Psychological Counseling Center
MindCare Center #450,Goa,Goa,Mindfulness Training
MindCare Center #451,Guwahati,Assam,Mental Health Workshop
Serenity Mental Health Studio #452,Noida,Uttar Pradesh,Therapy Center
Hope Mental Health Center #453,Thiruvananthapuram,Kerala,Mindfulness Training
InnerBalance Therapy Hub #454,Chandigarh,Chandigarh,Mindfulness Training
Positive Minds Academy #455,Indore,Madhya Pradesh,Mental Health Workshop
Healing Minds Clinic #456,Udaipur,Rajasthan,Psychological Counseling Center
Healing Minds Clinic #457,Jaipur,Rajasthan,Corporate Wellness Program
Mindfulness Practice Center #458,Varanasi,Uttar Pradesh,Mental Health Workshop
CalmSpace Wellness #459,Dehradun,Uttarakhand,Community Mental Health Session
InnerBalance Therapy Hub #460,Indore,Madhya Pradesh,Corporate Wellness Program
CalmSpace Wellness #461,Gurugram,Haryana,Corporate Wellness Program
Hope Mental Health Center #462,Kolkata,West Bengal,Mental Health Workshop
Healing Minds Clinic #463,Goa,Goa,Psychological Counseling Center
InnerBalance Therapy Hub #464,Thiruvananthapuram,Kerala,Therapy Center
Hope Mental Health Center #465,Kolkata,West Bengal,Mindfulness Training
Swasthya Mind Wellness #466,Jaipur,Rajasthan,Psychological Counseling Center
Healing Minds Clinic #467,Noida,Uttar Pradesh,Mental Health Workshop
Serenity Mental Health Studio #468,Dharamshala,Himachal Pradesh,Mental Health Workshop
Hope Mental Health Center #469,Ahmedabad,Gujarat,Community Mental Health Session
InnerBalance Therapy Hub #470,Ahmedabad,Gujarat,Therapy Center
Healing Minds Clinic #471,Coimbatore,Tamil Nadu,Therapy Center
MindPath Counseling #472,Mysuru,Karnataka,Mental Health Workshop
Mindfulness Practice Center #473,Dharamshala,Himachal Pradesh,Therapy Center
Empower Wellness Program #474,Kolkata,West Bengal,Therapy Center
CalmSpace Wellness #475,Bengaluru,Karnataka,Mindfulness Training
Mindfulness Practice Center #476,Noida,Uttar Pradesh,Therapy Center
Mindfulness Practice Center #477,Bhubaneswar,Odisha,Therapy Center
InnerBalance Therapy Hub #478,Udaipur,Rajasthan,Mental Health Workshop
Serenity Mental Health Studio #479,Jaipur,Rajasthan,Psychological Counseling Center
Mindfulness Practice Center #480,Rishikesh,Uttarakhand,Mindfulness Training
MindPath Counseling #481,Rishikesh,Uttarakhand,Community Mental Health Session
Empower Wellness Program #482,Lucknow,Uttar Pradesh,Therapy Center
Serenity Mental Health Studio #483,Rishikesh,Uttarakhand,Mental Health Workshop
Healing Minds Clinic #484,Gurugram,Haryana,Corporate Wellness Program
MindPath Counseling #485,Coimbatore,Tamil Nadu,Psychological Counseling Center
Hope Mental Health Center #486,Udaipur,Rajasthan,Therapy Center
Positive Minds Academy #487,Udaipur,Rajasthan,Mindfulness Training
Hope Mental Health Center #488,Jaipur,Rajasthan,Therapy Center
Healing Minds Clinic #489,Kochi,Kerala,Mindfulness Training
CalmSpace Wellness #490,Ahmedabad,Gujarat,Therapy Center
Swasthya Mind Wellness #491,Mysuru,Karnataka,Community Mental Health Session
Swasthya Mind Wellness #492,Delhi,Delhi,Community Mental Health Session
Hope Mental Health Center #493,Bhubaneswar,Odisha,Community Mental Health Session
Healing Minds Clinic #494,Ahmedabad,Gujarat,Community Mental Health Session
Positive Minds Academy #495,Lucknow,Uttar Pradesh,Mindfulness Training
MindPath Counseling #496,Bhopal,Madhya Pradesh,Community Mental Health Session
Hope Mental Health Center #497,Lucknow,Uttar Pradesh,Community Mental Health Session
Serenity Mental Health Studio #498,Coimbatore,Tamil Nadu,Mindfulness Training
Swasthya Mind Wellness #499,Chandigarh,Chandigarh,Corporate Wellness Program
MindCare Center #500,Kolkata,West Bengal,Community Mental Health Session
